Row,z_1,z_2
NLO_1,0.0309433207936601,-1.33213089343719
NLO_4,-0.467856835800521,-0.541282601640298
NLO_8,-0.145460483218413,-0.429883671483143
NLO_16,0.21202971159059,0.0325206543819155
NLO_32,0.224129262981286,0.771342280484123
NLO_64,0.146215023653396,1.49943423169459
